Date,HomesSold,Inventory,MoS_Unweighted,MoS_Weighted,AboveList_Unweighted,AboveList_Weighted,SmallCounties,SmallCountyShareOfSales,WeightingGap,Verdict_Unweighted,Verdict_Weighted
2019-01-01,6163.0,16979.0,4.9895,2.755,0.188,0.2346,12.0,0.0193,2.2345,Balanced,Seller's market
2019-02-01,6943.0,16391.0,4.9436,2.3608,0.2201,0.2732,11.0,0.0114,2.5828,Balanced,Seller's market
2019-03-01,8410.0,17427.0,4.1667,2.0722,0.222,0.3056,10.0,0.0101,2.0945,Balanced,Seller's market
2019-04-01,9898.0,19175.0,4.041,1.9373,0.2535,0.3684,10.0,0.0077,2.1038,Balanced,Seller's market
2019-05-01,11830.0,22877.0,3.2769,1.9338,0.2694,0.3787,8.0,0.0074,1.3431,Seller's market,Seller's market
2019-06-01,12090.0,23606.0,3.6359,1.9525,0.2933,0.3782,8.0,0.0061,1.6834,Seller's market,Seller's market
2019-07-01,12365.0,23278.0,3.6231,1.8826,0.2506,0.3529,8.0,0.0057,1.7405,Seller's market,Seller's market
2019-08-01,12149.0,23094.0,3.441,1.9009,0.2642,0.3295,8.0,0.0066,1.5401,Seller's market,Seller's market
2019-09-01,10414.0,22307.0,3.5872,2.142,0.2525,0.3155,8.0,0.0076,1.4452,Seller's market,Seller's market
2019-10-01,10883.0,20201.0,3.2538,1.8562,0.2588,0.3113,7.0,0.0051,1.3976,Seller's market,Seller's market
2019-11-01,9263.0,16677.0,3.3128,1.8004,0.2458,0.2916,8.0,0.0073,1.5124,Seller's market,Seller's market
2019-12-01,9406.0,13229.0,2.941,1.4064,0.2101,0.2787,8.0,0.0077,1.5346,Seller's market,Seller's market
2020-01-01,6716.0,12470.0,3.5462,1.8568,0.2053,0.2793,10.0,0.0121,1.6894,Seller's market,Seller's market
2020-02-01,7146.0,12972.0,5.1641,1.8153,0.2434,0.3575,12.0,0.0136,3.3488,Balanced,Seller's market
2020-03-01,9092.0,15444.0,3.059,1.6986,0.2649,0.4276,10.0,0.0119,1.3603,Seller's market,Seller's market
2020-04-01,7726.0,15926.0,3.6947,2.0614,0.3076,0.4497,9.0,0.0102,1.6334,Seller's market,Seller's market
2020-05-01,7905.0,15999.0,3.6974,2.0239,0.2671,0.3887,9.0,0.0089,1.6735,Seller's market,Seller's market
2020-06-01,11211.0,15330.0,2.4436,1.3674,0.2874,0.4077,7.0,0.0048,1.0762,Seller's market,Seller's market
2020-07-01,13109.0,15837.0,1.9359,1.2081,0.3181,0.4318,7.0,0.0056,0.7278,Seller's market,Seller's market
2020-08-01,12520.0,15235.0,2.2128,1.2169,0.3292,0.4531,7.0,0.005,0.996,Seller's market,Seller's market
2020-09-01,13294.0,14501.0,2.0615,1.0908,0.3532,0.4734,7.0,0.005,0.9707,Seller's market,Seller's market
2020-10-01,13773.0,13575.0,1.6538,0.9856,0.3667,0.4707,6.0,0.0045,0.6682,Seller's market,Seller's market
2020-11-01,11335.0,10752.0,1.6564,0.9486,0.367,0.473,7.0,0.0052,0.7078,Seller's market,Seller's market
2020-12-01,11362.0,8341.0,1.5538,0.7341,0.3602,0.4579,6.0,0.003,0.8197,Seller's market,Seller's market
2021-01-01,7462.0,7908.0,1.9333,1.0598,0.3431,0.4516,9.0,0.0094,0.8736,Seller's market,Seller's market
2021-02-01,7726.0,7919.0,2.2487,1.025,0.3925,0.5379,10.0,0.0101,1.2237,Seller's market,Seller's market
2021-03-01,10462.0,7897.0,1.7436,0.7548,0.4168,0.5851,9.0,0.0072,0.9888,Seller's market,Seller's market
2021-04-01,11610.0,9559.0,1.4744,0.8233,0.5005,0.6393,8.0,0.0061,0.651,Seller's market,Seller's market
2021-05-01,12020.0,9466.0,1.541,0.7875,0.4742,0.6488,8.0,0.0062,0.7535,Seller's market,Seller's market
2021-06-01,14296.0,10434.0,1.4897,0.7299,0.5546,0.6647,7.0,0.0045,0.7599,Seller's market,Seller's market
2021-07-01,13716.0,12383.0,1.641,0.9028,0.4727,0.6253,7.0,0.0058,0.7382,Seller's market,Seller's market
2021-08-01,13300.0,12037.0,2.0256,0.905,0.4513,0.5931,6.0,0.0038,1.1206,Seller's market,Seller's market
2021-09-01,13200.0,12480.0,1.9308,0.9455,0.4353,0.5524,7.0,0.0054,0.9853,Seller's market,Seller's market
2021-10-01,12498.0,10864.0,1.5282,0.8693,0.4127,0.5228,7.0,0.0066,0.6589,Seller's market,Seller's market
2021-11-01,11474.0,8290.0,1.559,0.7225,0.385,0.5011,8.0,0.0068,0.8365,Seller's market,Seller's market
2021-12-01,10410.0,6401.0,1.4769,0.6149,0.3642,0.4939,9.0,0.0096,0.862,Seller's market,Seller's market
2022-01-01,6584.0,5989.0,1.7308,0.9096,0.3527,0.495,9.0,0.01,0.8211,Seller's market,Seller's market
2022-02-01,6959.0,6596.0,2.2205,0.9478,0.3947,0.5712,11.0,0.0131,1.2727,Seller's market,Seller's market
2022-03-01,10534.0,7998.0,1.4769,0.7593,0.4594,0.646,10.0,0.0092,0.7177,Seller's market,Seller's market
2022-04-01,10812.0,10188.0,1.6256,0.9423,0.5028,0.6687,10.0,0.0097,0.6834,Seller's market,Seller's market
2022-05-01,11575.0,12972.0,2.1051,1.1207,0.5033,0.6337,9.0,0.0086,0.9844,Seller's market,Seller's market
2022-06-01,11631.0,17886.0,2.4385,1.5378,0.4111,0.5153,7.0,0.0065,0.9007,Seller's market,Seller's market
2022-07-01,9403.0,19832.0,3.2789,2.1091,0.3382,0.3774,8.0,0.0096,1.1698,Seller's market,Seller's market
2022-08-01,10236.0,19090.0,2.6538,1.865,0.2501,0.2932,6.0,0.006,0.7889,Seller's market,Seller's market
2022-09-01,9628.0,19130.0,3.4474,1.9869,0.2269,0.2427,6.0,0.0038,1.4605,Seller's market,Seller's market
2022-10-01,7925.0,17903.0,3.4128,2.2591,0.1759,0.2333,9.0,0.0101,1.1538,Seller's market,Seller's market
2022-11-01,6577.0,15374.0,3.6795,2.3375,0.1765,0.2063,10.0,0.012,1.3419,Seller's market,Seller's market
2022-12-01,5676.0,12465.0,3.8105,2.1961,0.1668,0.1894,10.0,0.0144,1.6144,Seller's market,Seller's market
2023-01-01,4235.0,10928.0,4.0974,2.5804,0.1502,0.1849,15.0,0.0326,1.517,Balanced,Seller's market
2023-02-01,5493.0,10020.0,3.5487,1.8241,0.1758,0.2512,13.0,0.0229,1.7246,Seller's market,Seller's market
2023-03-01,7445.0,10939.0,2.5718,1.4693,0.2116,0.3126,10.0,0.012,1.1025,Seller's market,Seller's market
2023-04-01,6824.0,11291.0,2.8974,1.6546,0.2833,0.3655,9.0,0.0132,1.2428,Seller's market,Seller's market
2023-05-01,8241.0,12654.0,2.6,1.5355,0.2701,0.4019,9.0,0.0119,1.0645,Seller's market,Seller's market
2023-06-01,8842.0,14513.0,2.859,1.6414,0.3225,0.4084,8.0,0.0089,1.2176,Seller's market,Seller's market
2023-07-01,7819.0,14975.0,3.5769,1.9152,0.2538,0.3628,8.0,0.0073,1.6617,Seller's market,Seller's market
2023-08-01,8549.0,15566.0,3.2872,1.8208,0.2408,0.3397,7.0,0.0069,1.4664,Seller's market,Seller's market
2023-09-01,7238.0,16065.0,4.0667,2.2195,0.2187,0.3022,10.0,0.0124,1.8471,Balanced,Seller's market
2023-10-01,6755.0,15305.0,4.4333,2.2657,0.1972,0.2851,10.0,0.0118,2.1676,Balanced,Seller's market
2023-11-01,5706.0,13916.0,4.2923,2.4388,0.1962,0.2524,13.0,0.0221,1.8535,Balanced,Seller's market
2023-12-01,5136.0,11372.0,4.5103,2.2142,0.1818,0.2366,12.0,0.0193,2.2961,Balanced,Seller's market
2024-01-01,4394.0,10520.0,4.5921,2.3942,0.1687,0.2421,14.0,0.0273,2.1979,Balanced,Seller's market
2024-02-01,5538.0,11172.0,3.9769,2.0173,0.2187,0.3068,13.0,0.0191,1.9596,Seller's market,Seller's market
2024-03-01,6793.0,11989.0,3.3658,1.7649,0.2308,0.3635,9.0,0.0115,1.6009,Seller's market,Seller's market
2024-04-01,7749.0,13921.0,3.3895,1.7965,0.2746,0.3995,9.0,0.0102,1.593,Seller's market,Seller's market
2024-05-01,8781.0,17412.0,3.2895,1.9829,0.2235,0.3865,8.0,0.0097,1.3066,Seller's market,Seller's market
2024-06-01,8338.0,19125.0,3.6231,2.2937,0.2595,0.3444,11.0,0.0152,1.3294,Seller's market,Seller's market
2024-07-01,8624.0,19828.0,4.4615,2.2992,0.2425,0.3103,10.0,0.0117,2.1624,Balanced,Seller's market
2024-08-01,8489.0,20127.0,3.5077,2.371,0.1962,0.2866,7.0,0.0077,1.1367,Seller's market,Seller's market
2024-09-01,7473.0,20229.0,4.7641,2.7069,0.2,0.266,10.0,0.0123,2.0572,Balanced,Seller's market
2024-10-01,8308.0,19146.0,3.7385,2.3045,0.1822,0.2687,8.0,0.0079,1.4339,Seller's market,Seller's market
2024-11-01,6759.0,16583.0,3.6027,2.4535,0.1834,0.249,6.0,0.0084,1.1492,Seller's market,Seller's market
2024-12-01,6291.0,13609.0,4.5769,2.1632,0.1412,0.2241,12.0,0.0154,2.4137,Balanced,Seller's market
2025-01-01,4955.0,13887.0,4.5289,2.8026,0.1713,0.2182,12.0,0.0216,1.7263,Balanced,Seller's market
2025-02-01,5713.0,14201.0,5.4385,2.4857,0.2597,0.3142,12.0,0.0145,2.9527,Balanced,Seller's market
2025-03-01,7011.0,15752.0,4.5256,2.2468,0.2404,0.3383,11.0,0.0116,2.2789,Balanced,Seller's market
2025-04-01,7725.0,18846.0,4.9368,2.4396,0.273,0.3838,9.0,0.0083,2.4972,Balanced,Seller's market
2025-05-01,8365.0,23224.0,4.5718,2.7763,0.2693,0.3536,9.0,0.0103,1.7955,Balanced,Seller's market
2025-06-01,8809.0,24887.0,4.2615,2.8252,0.2251,0.3179,8.0,0.0082,1.4364,Balanced,Seller's market
2025-07-01,8650.0,25815.0,4.6077,2.9844,0.2362,0.2817,8.0,0.0084,1.6233,Balanced,Seller's market
2025-08-01,8172.0,25396.0,5.0816,3.1077,0.221,0.2619,8.0,0.0093,1.9739,Balanced,Seller's market
2025-09-01,7960.0,25075.0,4.6051,3.1501,0.2099,0.2485,8.0,0.0102,1.455,Balanced,Seller's market
2025-10-01,7997.0,23409.0,4.7282,2.9272,0.205,0.247,10.0,0.0111,1.801,Balanced,Seller's market
2025-11-01,6039.0,19876.0,5.2316,3.2913,0.1921,0.2386,9.0,0.0136,1.9403,Balanced,Seller's market
2025-12-01,6697.0,16255.0,4.0237,2.4272,0.2102,0.227,9.0,0.0136,1.5965,Balanced,Seller's market
2026-01-01,4576.0,16330.0,5.3105,3.5686,0.1876,0.2297,10.0,0.016,1.7419,Balanced,Seller's market
2026-02-01,5664.0,17364.0,5.5795,3.0657,0.2152,0.2737,13.0,0.0191,2.5138,Balanced,Seller's market
2026-03-01,7159.0,19074.0,5.5763,2.6643,0.226,0.3053,11.0,0.0151,2.912,Balanced,Seller's market
2026-04-01,7615.0,22554.0,5.1053,2.9618,0.2367,0.3203,10.0,0.0126,2.1435,Balanced,Seller's market
2026-05-01,7884.0,24287.0,6.6179,3.0805,0.2256,0.3095,9.0,0.0062,3.5374,Buyer's market,Seller's market
